Station,Lat,Lon,Method,Status
1,49.8445,0.1958,GOV,pending
3,49.6242,0.0623,GOV,pending
5,50.3873,0.803,GOV,pending
7,50.2993,0.5287,GOV,pending
9,50.4492,1.1705,JST,pending
11,50.1964,1.1764,GOV,pending
13,50.8768,0.9211,JST,pending
15,50.6317,0.0899,GOV,pending
17,50.8503,1.3385,GOV,pending
19,50.6705,1.0495,GOV,pending
21,51.0515,1.232,JST,pending
23,51.33,1.755,GOV,pending
25,51.1083,2.0536,GOV,pending
27,51.4706,2.4285,JST,pending
29,51.9305,1.8154,GOV,pending
31,51.75,1.9108,GOV,pending
33,51.8266,2.1746,JST,pending
35,51.6308,2.8118,GOV,pending
37,51.5895,3.1513,GOV,pending
39,51.8521,3.7491,GOV,pending
41,52.2717,1.8973,GOV,pending
42,52.256,2.5481,GOV,pending
44,52.2921,2.2173,GOV,pending
46,52.384,3.313,GOV,pending
48,52.2617,3.8801,JST,pending
50,52.4621,4.2248,GOV,pending
52,52.0393,4.0263,JST,pending
54,52.9505,1.8326,GOV,pending
55,52.7576,2.2141,GOV,pending
57,52.9057,2.6956,GOV,pending
59,52.6545,3.3253,JST,pending
61,52.6836,3.6206,GOV,pending
63,52.6803,4.0421,GOV,pending
65,52.7033,4.3873,JST,pending
67,53.4693,0.909,GOV,pending
69,53.4354,0.7518,GOV,pending
71,53.4326,1.0724,GOV,pending
73,53.4178,1.494,JST,pending
75,53.4667,2.8811,GOV,pending
77,53.2207,2.355,GOV,pending
79,53.3685,3.1891,JST,pending
81,53.1401,3.7694,GOV,pending
83,53.334,4.1241,GOV,pending
85,53.3636,4.407,JST,pending
87,53.9348,0.3743,JST,pending
89,53.9132,0.922,GOV,pending
91,53.9372,1.2951,GOV,pending
93,53.6335,1.56,GOV,pending
95,53.7982,2.8841,GOV,pending
97,53.9256,2.3758,JST,pending
99,53.879,3.8928,GOV,pending
101,53.564,3.1723,GOV,pending
103,53.9611,4.8586,GOV,pending
105,53.8275,4.2146,GOV,pending
107,53.8555,5.2131,GOV,pending
109,53.7333,5.5167,GOV,pending
111,53.8517,6.315,GOV,pending
113,53.6166,6.1193,JST,pending
115,53.8798,7.0716,GOV,pending
117,53.941,7.4593,GOV,pending
119,54.4667,0,GOV,pending
120,54.3851,0.6743,GOV,pending
122,54.4569,0.318,GOV,pending
124,54.3864,1.2597,GOV,pending
126,54.0924,1.8549,GOV,pending
128,54.2498,2.4979,JST,pending
130,54.285,2.8889,GOV,pending
132,54.1974,3.2197,GOV,pending
134,54.4441,3.3261,GOV,pending
136,54.3014,4.3398,GOV,pending
138,54.1206,4.2721,GOV,pending
140,54.25,5.6667,JST,pending
142,54.3616,5.2386,GOV,pending
144,54.2338,6.4906,GOV,pending
146,54.2473,6.1822,GOV,pending
148,54.2721,7.6175,GOV,pending
150,54.0825,7.8113,GOV,pending
152,54.3549,8.0806,GOV,pending
153,54.903,-0.2047,GOV,pending
155,54.6223,-0.5891,JST,pending
157,54.7636,0.1755,GOV,pending
159,54.7871,0.6943,JST,pending
161,54.9516,1.814,JST,pending
163,54.6493,1.515,GOV,pending
165,54.8311,2.3051,GOV,pending
167,54.5757,2.5536,JST,pending
169,54.658,3.8095,GOV,pending
171,54.7667,3.3343,GOV,pending
173,54.7667,4.4833,JST,pending
175,54.7652,4.8985,GOV,pending
177,54.7518,5.6224,GOV,pending
179,54.7175,5.2171,JST,pending
181,54.8425,6.3323,GOV,pending
183,54.9071,6.6117,GOV,pending
185,54.7718,7.5347,JST,pending
187,54.5245,7.2583,GOV,pending
189,54.9193,8.0494,JST,pending
190,55.404,-1.1281,GOV,pending
192,55.1236,-1.1748,GOV,pending
194,55.0673,-0.674,GOV,pending
196,55.3665,-0.1701,GOV,pending
198,55.2078,0.7171,JST,pending
200,55.3791,0.1923,GOV,pending
202,55.386,1.9448,GOV,pending
204,55.24,1.5203,GOV,pending
206,55.2139,2.5665,GOV,pending
208,55.4531,2.3435,GOV,pending
210,55.2303,3.8251,JST,pending
212,55.1626,3.5366,GOV,pending
214,55.2004,4.2122,GOV,pending
216,55.0381,4.8773,GOV,pending
218,55.1588,5.7775,GOV,pending
220,55.208,5.468,GOV,pending
222,55.2667,6.1333,GOV,pending
224,55.2073,6.985,GOV,pending
226,55.3106,7.5741,GOV,pending
228,55.1,7.3,JST,pending
230,55.2535,8.1324,GOV,pending
231,55.9438,-1.1861,GOV,pending
233,55.973,-1.8763,JST,pending
235,55.6755,-0.3565,GOV,pending
237,55.8474,-0.7724,JST,pending
239,55.6296,0.2101,GOV,pending
241,55.811,0.5455,JST,pending
243,55.7496,1.3705,GOV,pending
245,55.5823,1.7358,JST,pending
247,55.6025,2.1599,GOV,pending
249,55.6,2.65,JST,pending
251,55.8028,3.2622,JST,pending
253,55.6733,3.6616,GOV,pending
255,55.9503,4.1011,JST,pending
257,55.8199,4.4494,GOV,pending
259,55.7575,5.3778,GOV,pending
261,55.6696,5.6447,GOV,pending
263,55.7872,6.1157,GOV,pending
265,55.9247,6.5937,GOV,pending
267,55.5049,7.1943,GOV,pending
269,55.9547,7.0505,GOV,pending
271,56.423,-2.154,GOV,pending
273,56.125,-2.56,GOV,pending
275,56.2687,-1.5745,GOV,pending
277,56.2653,-1.2198,GOV,pending
279,56.336,-0.4798,GOV,pending
281,56.244,-0.8955,GOV,pending
283,56.1478,0.2373,JST,pending
285,56.2667,0.6333,GOV,pending
287,56.2726,1.8658,GOV,pending
289,56.2963,1.5242,JST,pending
291,56.144,2.3386,GOV,pending
293,56.2966,2.7805,GOV,pending
295,56.1167,3.6,GOV,pending
297,56.2948,3.6442,GOV,pending
299,56.1993,4.2786,GOV,pending
301,56.2122,4.6035,GOV,pending
303,56.0809,5.7083,GOV,pending
305,56.2225,5.2211,GOV,pending
307,56.2849,6.3359,GOV,pending
309,56.1545,6.113,GOV,pending
311,56.298,7.1159,GOV,pending
313,56.1328,7.3272,JST,pending
315,56.224,10.9607,GOV,pending
316,56.347,11.9612,GOV,pending
318,56.4808,11.0953,GOV,pending
320,56.3932,12.2595,GOV,pending
322,56.339,12.6133,GOV,pending
324,56.5696,-1.3478,JST,pending
326,56.7235,-1.504,GOV,pending
328,56.633,-0.852,GOV,pending
330,56.8874,-0.2694,GOV,pending
332,56.635,0.08,GOV,pending
334,56.681,0.7727,JST,pending
336,56.9135,1.8328,GOV,pending
338,56.6773,1.4663,GOV,pending
340,56.5135,2.9153,GOV,pending
342,56.8182,2.1725,GOV,pending
344,56.7197,3.6493,GOV,pending
346,56.6917,3.1882,JST,pending
348,56.6975,4.0902,GOV,pending
350,56.7667,4.4683,GOV,pending
352,56.669,5.6957,GOV,pending
354,56.8688,5.028,JST,pending
356,56.5547,6.8537,JST,pending
358,56.9604,6.5119,GOV,pending
360,56.7135,7.5707,GOV,pending
362,56.9677,7.233,GOV,pending
364,56.5938,11.8195,GOV,pending
368,56.6,11.8333,JST,pending
372,56.9273,11.6915,GOV,pending
376,56.7833,11.8667,JST,pending
380,56.5655,12.6173,GOV,pending
386,56.8172,12.2116,JST,pending
389,57.2103,-1.4201,GOV,pending
391,57.4167,-1.1833,GOV,pending
393,57.3123,-0.6212,GOV,pending
395,57.1753,-0.134,JST,pending
397,57.1,0.4667,GOV,pending
399,57.2917,0.869,GOV,pending
401,57.2807,1.8418,GOV,pending
403,57.0338,1.1853,GOV,pending
405,57.2825,2.3808,GOV,pending
407,57.0667,2.7083,GOV,pending
409,57.25,3.5,JST,pending
411,57.4503,3.4988,GOV,pending
413,57.14,4.8183,GOV,pending
415,57.2434,4.0126,GOV,pending
417,57.2888,5.0879,GOV,pending
419,57.1523,5.8573,GOV,pending
421,57.0385,6.8191,GOV,pending
423,57.0677,6.1766,JST,pending
425,57.4409,7.9073,GOV,pending
427,57.139,7.7208,JST,pending
429,57.2922,8.4825,GOV,pending
431,57.4701,8.2463,GOV,pending
433,57.3633,9.1582,GOV,pending
434,57.444,10.8252,GOV,pending
435,57.1097,11.8315,JTS,pending
440,57.1865,11.4438,GOV,pending
445,57.3737,11.3161,GOV,pending
450,57.149,11.8565,JST,pending
455,57.2173,11.6608,GOV,pending
460,57.0194,12.1999,GOV,pending
462,57.0147,12.2085,GOV,pending
464,57.85,-3.25,JST,pending
466,57.9292,-3.2608,GOV,pending
468,57.9605,-2.8418,GOV,pending
470,57.8093,-2.5855,GOV,pending
472,57.7833,-1.2915,GOV,pending
474,57.7638,-1.6445,JST,pending
476,57.9242,-0.9348,GOV,pending
478,57.598,-0.153,GOV,pending
480,57.8355,0.2115,GOV,pending
482,57.9217,0.6883,GOV,pending
484,57.5437,1.938,GOV,pending
486,57.526,1.101,JST,pending
488,57.7038,2.095,GOV,pending
490,57.7512,2.5312,GOV,pending
492,57.6467,3.6462,GOV,pending
494,57.5568,3.1603,GOV,pending
496,57.7667,4.4333,GOV,pending
498,57.709,4.7365,JST,pending
500,57.83,5.4767,GOV,pending
502,57.9633,5.235,JST,pending
504,57.5508,6.1273,JST,pending
505,57.526,8.596,GOV,pending
508,57.5731,8.9153,JST,pending
511,57.6183,8.7847,GOV,pending
514,57.9667,9.8335,GOV,pending
517,57.8816,9.5852,GOV,pending
520,57.8947,9.8898,JST,pending
523,57.673,10.9628,JST,pending
526,57.8322,10.6188,GOV,pending
529,57.8667,10.9667,GOV,pending
532,57.6978,11.351,GOV,pending
536,57.8737,11.2155,GOV,pending
540,57.5558,11.6128,GOV,pending
544,57.6728,11.3617,JST,pending
548,58.187,-3.1597,GOV,pending
549,58.4667,-2.5333,GOV,pending
551,58.061,-2.495,GOV,pending
553,58.2278,-1.5922,JST,pending
555,58.014,-1.792,GOV,pending
557,58.459,-0.412,JST,pending
559,58.25,-0.4333,GOV,pending
561,58.209,0.418,GOV,pending
563,58.455,0.742,GOV,pending
565,58.292,1.5305,GOV,pending
567,58.0848,1.731,GOV,pending
569,58.423,2.9148,JST,pending
571,58.2531,2.3601,GOV,pending
573,58.2783,3.2567,GOV,pending
575,58.4667,3.2757,GOV,pending
577,58.1194,4.7272,GOV,pending
579,58.2667,4.2667,GOV,pending
581,58.0194,9.8516,GOV,pending
583,58.0078,9.8169,JST,pending
585,58.1,10.75,GOV,pending
588,58.3279,10.8458,GOV,pending
591,58.1567,10.1043,GOV,pending
594,58.4917,11.1277,GOV,pending
597,58.2652,11.1587,GOV,pending
600,58.0836,11.069,JST,pending
603,58.8392,-3.7208,GOV,pending
605,58.6098,-3.8808,JST,pending
607,58.8667,-2.4333,GOV,pending
609,58.564,-2.195,JST,pending
611,58.8333,-1.15,GOV,pending
613,58.606,-1.358,JST,pending
615,58.6143,-0.2682,GOV,pending
617,58.7858,-0.5852,GOV,pending
619,58.85,0.0333,JST,pending
621,58.626,0.7257,GOV,pending
623,58.6532,1.8793,GOV,pending
625,58.779,1.1442,JST,pending
627,58.8467,2.9633,GOV,pending
629,58.699,2.8075,JST,pending
631,58.86,3.4267,GOV,pending
633,58.6729,3.6268,GOV,pending
635,58.5912,10.904,GOV,pending
639,58.5479,10.848,GOV,pending
643,58.5333,10.85,GOV,pending
647,58.5502,10.8435,GOV,pending
651,59.383,-3.785,JST,pending
653,59.006,-3.772,GOV,pending
655,59.0667,-2.0167,GOV,pending
657,59.2162,-2.2103,JST,pending
659,59.35,-1.1333,GOV,pending
661,59.129,-1.17,GOV,pending
663,59.2585,-0.4495,GOV,pending
665,59.0873,-0.8462,GOV,pending
667,59.3333,0.4833,GOV,pending
669,59.3737,0.1173,JST,pending
671,59.2957,1.6325,GOV,pending
673,59.473,1.3033,GOV,pending
675,59.32,2.805,GOV,pending
677,59.2715,2.3327,GOV,pending
679,59.2888,3.286,GOV,pending
681,59.1167,3.1,JST,pending
683,59.933,-3.929,GOV,pending
684,59.641,-2.202,GOV,pending
686,59.8338,-2.5215,JST,pending
688,59.5788,-1.1173,GOV,pending
690,59.8853,-1.8547,GOV,pending
692,59.7072,-0.2887,GOV,pending
694,59.518,-0.716,GOV,pending
696,59.707,0.6778,GOV,pending
698,59.7547,0.3335,GOV,pending
700,59.6898,1.3627,GOV,pending
702,59.62,1.7767,JST,pending
704,59.6223,2.7482,GOV,pending
706,59.777,2.5196,GOV,pending
708,59.6075,3.2647,JST,pending
710,59.7783,3.19,GOV,pending
712,60.046,-3.2957,GOV,pending
713,60.242,-2.243,GOV,pending
714,60.13,-1.714,GOV,pending
716,60.465,-1.902,JST,pending
718,60.494,-0.621,GOV,pending
720,60.164,-0.3112,JST,pending
722,60.302,0.239,JST,pending
724,60.2333,0.6667,GOV,pending
726,60.1923,1.3293,GOV,pending
728,60.0317,1.0933,JST,pending
730,60.2017,2.7,GOV,pending
732,60.3762,2.5997,GOV,pending
734,60.2,3.0667,GOV,pending
736,60.3568,3.1392,GOV,pending
738,60.612,-2.26,GOV,pending
739,60.728,-1.9287,GOV,pending
741,60.963,-1.648,GOV,pending
743,60.6948,-0.6293,JST,pending
744,60.8902,0.7727,GOV,pending
746,60.7117,0.45,GOV,pending
748,60.7252,1.179,GOV,pending
750,60.6183,1.4467,GOV,pending
752,60.7133,2.4033,JST,pending
754,60.8833,2.7,GOV,pending
756,60.59,3.1183,JST,pending
758,60.6,3.05,GOV,pending
760,61.159,-1.517,GOV,pending
762,61.0273,-1.2613,JST,pending
764,61.204,-0.16,GOV,pending
766,61.059,-0.82,JST,pending
768,61.104,0.465,GOV,pending
770,61.25,0.65,GOV,pending
772,61.2278,1.6397,GOV,pending
774,61.054,1.0185,GOV,pending
776,61.0492,2.61,GOV,pending
778,61.212,2.0123,JST,pending
780,61.5519,-0.3319,GOV,pending
781,61.6085,0.5945,GOV,pending
782,61.517,1.1216,GOV,pending
